<?xml version='1.0' encoding='UTF-8' ?>
<timeLogEntries>
  <time id="1" path="/Project/Taller 2/PSP0/Planning" start="@1598635181607" delta="247" />
  <time id="2" path="/Project/Taller 2/PSP0/Code" start="@1598667402906" delta="1" />
  <time id="3" path="/Project/Taller 2/PSP0/Code" start="@1598668610486" delta="149" interrupt="2" />
  <time id="4" path="/Project/Taller 2/PSP0/Code" start="@1598808847247" delta="31" />
  <time id="5" path="/Project/Taller 2/PSP0/Design" start="@1599176824931" delta="68" />
  <time id="6" path="/Project/Taller 2/PSP0/Design" start="@1599186671577" delta="54" />
  <time id="7" path="/Project/Taller 2/PSP0/Design" start="@1599263217964" delta="25" />
  <time id="8" path="/Project/Taller 2/PSP0/Design" start="@1599266481602" delta="49" />
  <time id="9" path="/Project/Taller 2/PSP0/Design" start="@1599282020146" delta="188" />
  <time id="10" path="/Project/Taller 2/PSP0/Design" start="@1599293337360" delta="27" />
  <time id="11" path="/Project/Taller 2/PSP0/Design" start="@1599417432165" delta="58" />
</timeLogEntries>
