<?xml version='1.0' encoding='UTF-8' ?>
<timeLogEntries>
  <time id="1" path="/Taller2/Planeación" start="@1598583200093" delta="74" />
  <time id="2" path="/Taller2/Planeación" start="@1598588246897" delta="53" />
  <time id="3" path="/Taller2/Planeación" start="@1598655691307" delta="15" />
  <time id="4" path="/Taller2/Codificación" start="@1598659947565" delta="61" />
  <time id="5" path="/Taller2/Codificación" start="@1598828362059" delta="172" />
  <time id="6" path="/Taller2/Codificación" start="@1599183730068" delta="2" />
  <time id="7" path="/Ejemplo/PSP0/Planning" start="@1599186786894" delta="2" />
  <time id="8" path="/Ejemplo/PSP0/Planning" start="@1599231625771" delta="8" />
  <time id="9" path="/Taller 2/PSP0/Planning" start="@1599240398833" delta="1" />
  <time id="10" path="/Taller 2/PSP0/Design" start="@1599240471020" delta="4" />
  <time id="11" path="/Taller 2/PSP0/Code" start="@1599241179470" delta="47" />
  <time id="12" path="/Taller 2/PSP0/Planning" start="@1599262844543" delta="199" />
  <time id="13" path="/Taller 2/PSP0/Design" start="@1599317442317" delta="70" />
  <time id="14" path="/Taller 2/PSP0/Code" start="@1599321626689" delta="63" />
  <time id="15" path="/Taller 2/PSP0/Design" start="@1599327897722" delta="89" />
  <time id="16" path="/Taller 2/PSP0/Code" start="@1599408503069" delta="20" />
</timeLogEntries>
